{"error_count":0,"overall":{"families":["geometry","comparative","abductive","inductive","logic_puzzle","theory_of_mind","parity","counting","kinematics","causal"],"mean_local_risk":0.2439457721993516,"mean_step_count":7.2935185185185185,"n_records":1080,"providers":["openai/gpt-4o","anthropic/claude-3-7-sonnet-latest"],"temperatures":["0.1","0.9"]},"per_family":{"abductive":{"coherence_score_mean":0.9611111111111111,"correlations":{"rho_localrisk_coherence":-0.41683364687032426,"rho_localrisk_contradiction":0.41683364687032426,"rho_localrisk_structure":-0.8582817031024058,"rho_steps_latency":0.6174792695502079,"rho_steps_localrisk":-0.8432576389741282},"formula_c_risk":0.1308641975308642,"has_conclusion_rate":0.9907407407407407,"mean_latency_ms":4084.5291791138825,"n":108,"step_count_mean":3.2777777777777777,"structure_score_mean":0.7222222222222222},"causal":{"coherence_score_mean":0.4251176794054159,"correlations":{"rho_localrisk_coherence":-0.9999999999999999,"rho_localrisk_contradiction":0.9999999999999999,"rho_localrisk_structure":0.0,"rho_steps_latency":-0.6176109574414563,"rho_steps_localrisk":0.07651842296411823},"formula_c_risk":0.5384369184005975,"has_conclusion_rate":0.0,"mean_latency_ms":7764.862113528781,"n":36,"step_count_mean":10.083333333333334,"structure_score_mean":0.6},"comparative":{"coherence_score_mean":0.7081646659691598,"correlations":{"rho_localrisk_coherence":-0.9032840547686816,"rho_localrisk_contradiction":0.9032840547686816,"rho_localrisk_structure":-0.7024189544564455,"rho_steps_latency":0.36547436296205343,"rho_steps_localrisk":0.289087425129231},"formula_c_risk":0.5796339335425854,"has_conclusion_rate":0.2777777777777778,"mean_latency_ms":5911.032521062427,"n":72,"step_count_mean":9.097222222222221,"structure_score_mean":0.6930555555555555},"counting":{"coherence_score_mean":0.3335951366916959,"correlations":{"rho_localrisk_coherence":0.08426068884613042,"rho_localrisk_contradiction":-0.08426068884613042,"rho_localrisk_structure":-0.96483735920755,"rho_steps_latency":0.5725964855055868,"rho_steps_localrisk":0.552837108916821},"formula_c_risk":0.6507547923258246,"has_conclusion_rate":0.5777777777777777,"mean_latency_ms":6993.922656112247,"n":180,"step_count_mean":11.094444444444445,"structure_score_mean":0.8305555555555555},"geometry":{"coherence_score_mean":0.9416666666666667,"correlations":{"rho_localrisk_coherence":-0.5361026061923676,"rho_localrisk_contradiction":0.5361026061923676,"rho_localrisk_structure":-0.748034108818362,"rho_steps_latency":0.6700075406575507,"rho_steps_localrisk":-0.013922773837937445},"formula_c_risk":0.1668388888888889,"has_conclusion_rate":0.8611111111111112,"mean_latency_ms":3943.944109810723,"n":180,"step_count_mean":7.45,"structure_score_mean":0.9083333333333333},"inductive":{"coherence_score_mean":0.30000000000000004,"correlations":{"rho_localrisk_coherence":0.0,"rho_localrisk_contradiction":0.0,"rho_localrisk_structure":-0.9999999999999998,"rho_steps_latency":0.20339099908982122,"rho_steps_localrisk":-0.9999999999999998},"formula_c_risk":0.35970679012345674,"has_conclusion_rate":1.0,"mean_latency_ms":1905.585765838623,"n":36,"step_count_mean":1.0277777777777777,"structure_score_mean":0.5027777777777778},"kinematics":{"coherence_score_mean":0.9973935061066428,"correlations":{"rho_localrisk_coherence":0.005790759938537238,"rho_localrisk_contradiction":-0.005790759938537238,"rho_localrisk_structure":-0.9967780262257158,"rho_steps_latency":0.35783391738555126,"rho_steps_localrisk":-0.010277954473256159},"formula_c_risk":0.46244861483467387,"has_conclusion_rate":0.4861111111111111,"mean_latency_ms":7144.841584894392,"n":144,"step_count_mean":15.458333333333334,"structure_score_mean":0.7944444444444444},"logic_puzzle":{"coherence_score_mean":0.38925694881011874,"correlations":{"rho_localrisk_coherence":-0.7553837989241203,"rho_localrisk_contradiction":0.7553837989241203,"rho_localrisk_structure":-0.8036964583745376,"rho_steps_latency":0.5134999995832331,"rho_steps_localrisk":0.010426317241270279},"formula_c_risk":0.3990562486902977,"has_conclusion_rate":0.8888888888888888,"mean_latency_ms":6684.999512301551,"n":36,"step_count_mean":10.194444444444445,"structure_score_mean":0.9472222222222222},"parity":{"coherence_score_mean":0.9902777777777778,"correlations":{"rho_localrisk_coherence":-0.23285287531429158,"rho_localrisk_contradiction":0.23285287531429158,"rho_localrisk_structure":-0.9069013215550217,"rho_steps_latency":0.3848089047150588,"rho_steps_localrisk":-0.9069013215550217},"formula_c_risk":0.12721354166666665,"has_conclusion_rate":1.0,"mean_latency_ms":3299.921007619964,"n":144,"step_count_mean":2.7291666666666665,"structure_score_mean":0.6729166666666666},"theory_of_mind":{"coherence_score_mean":0.8638888888888889,"correlations":{"rho_localrisk_coherence":-1.0000000000000002,"rho_localrisk_contradiction":1.0000000000000002,"rho_localrisk_structure":0.0,"rho_steps_latency":0.0,"rho_steps_localrisk":0.0},"formula_c_risk":0.1908333333333333,"has_conclusion_rate":1.0,"mean_latency_ms":1830.0487664010789,"n":144,"step_count_mean":1,"structure_score_mean":0.5}},"per_provider":{"anthropic/claude-3-7-sonnet-latest":{"coherence_score_mean":0.7464701516368986,"correlations":{"rho_localrisk_coherence":-0.8392452932886652,"rho_localrisk_contradiction":0.8392452932886652,"rho_localrisk_structure":-0.409638071418785,"rho_steps_latency":0.7919063936534151,"rho_steps_localrisk":-0.2716509821442229},"formula_c_risk":0.33217006562004153,"has_conclusion_rate":0.9222222222222223,"mean_latency_ms":4311.018621038507,"n":540,"step_count_mean":6.590740740740741,"structure_score_mean":0.812962962962963},"openai/gpt-4o":{"coherence_score_mean":0.7999689817879173,"correlations":{"rho_localrisk_coherence":-0.8257922245972824,"rho_localrisk_contradiction":0.8257922245972824,"rho_localrisk_structure":-0.56054509722451,"rho_steps_latency":0.8146160658480296,"rho_steps_localrisk":0.031547450033173434},"formula_c_risk":0.5605648610191805,"has_conclusion_rate":0.5814814814814815,"mean_latency_ms":5303.626661388962,"n":540,"step_count_mean":7.996296296296296,"structure_score_mean":0.6648148148148147}},"per_temperature":{"0.1":{"coherence_score_mean":0.780793676576099,"correlations":{"rho_localrisk_coherence":-0.8184267385581436,"rho_localrisk_contradiction":0.8184267385581436,"rho_localrisk_structure":-0.5360486280501868,"rho_steps_latency":0.8188186896325572,"rho_steps_localrisk":-0.09197079081761003},"formula_c_risk":0.34448411924939254,"has_conclusion_rate":0.7518518518518519,"mean_latency_ms":4770.504681710844,"n":540,"step_count_mean":7.242592592592593,"structure_score_mean":0.7375925925925926},"0.9":{"coherence_score_mean":0.7656454568487169,"correlations":{"rho_localrisk_coherence":-0.8193945424342828,"rho_localrisk_contradiction":0.8193945424342828,"rho_localrisk_structure":-0.4762503529082425,"rho_steps_latency":0.8269772514201772,"rho_steps_localrisk":-0.12139315200111846},"formula_c_risk":0.3482508073898294,"has_conclusion_rate":0.7518518518518519,"mean_latency_ms":4844.140600716626,"n":540,"step_count_mean":7.344444444444444,"structure_score_mean":0.7401851851851852}},"repeats":{"per_question":3,"per_temp":3,"shuffle_between_repeats":true},"results_path":"/content/FPC/AUDIT/formulaC_results.jsonl","temperature_nominal":0.5,"temps_executed":[0.1,0.9],"timestamp_utc":"2025-10-10T09:54:08Z"}